2;1;Timeline Photos;Governors Ball at the White House this evening was wonderful!;photo;4729;2017-02-27T04:38:42+0000
3;1;Fox News Sunday;Thank you for joining me right here on Facebook, Twitter and Instagram- as the #TrumpTrain approaches 100 MILLION- with additional social media platforms being introduced in the near future.;video;3;2017-02-27T02:59:30+0000
4;1;Instagram post by Donald J. Trump ‚Ä¢ Feb 27, 2017 at 1:35am UTC;Thank you Donald Trump Jr. - proud of you!;link;2356;2017-02-27T01:36:21+0000
5;1;Timeline Photos;THE AMERICAN DREAM IS BACK.....;photo;6970;2017-02-26T23:51:30+0000
6;1;;Russia talk is FAKE NEWS put out by the Dems, and played up by the media, in order to mask the big election defeat and the illegal leaks!;status;4955;2017-02-26T18:45:52+0000
7;1;The White House;Join me for my Weekly Address at the White House!;video;4;2017-02-26T16:12:41+0000
8;1;;"The race for DNC Chairman was, of course, totally ""rigged."" Bernie's guy, like Bernie himself, never had a chance. Clinton demanded Perez!";status;1816;2017-02-26T14:35:11+0000
9;1;Instagram post by Donald J. Trump ‚Ä¢ Feb 25, 2017 at 11:23pm UTC;I will not be attending the White House Correspondents' Association Dinner this year. Please wish everyone well and have a great evening!;link;6049;2017-02-25T23:27:37+0000
10;1;Timeline Photos;As long as we have faith in each other and trust in God, then there is no goal at all beyond our reach.;photo;39107;2017-02-25T18:00:50+0000
11;1;Timeline Photos;We are going to MAKE AMERICA SAFE AND GREAT AGAIN!;photo;5023;2017-02-25T16:00:07+0000
12;1;Timeline Photos;GREAT meeting with Manufacturing CEOs at the White House this past week. The three most powerful words in every market, in every corner of the globe -- will be back again in no time...MADE IN USA!;photo;10366;2017-02-25T14:00:21+0000
13;1;;Maybe the millions of people who voted to MAKE AMERICA GREAT AGAIN should have their own rally. It would be the biggest of them all!;status;10061;2017-02-25T13:15:22+0000
14;1;;Thank you Conservative Political Action Conference (CPAC)!;video;2231;2017-02-24T23:39:57+0000
15;1;Timeline Photos;This afternoon I signed an executive order to establish task forces that will help scrap job-killing regulations on American businesses.;photo;5142;2017-02-24T19:08:29+0000
16;1;Trump vows to fight 'epidemic' of human trafficking;TRUMP VOWS TO FIGHT 'EPIDEMIC' OF HUMAN TRAFFICKING;link;7509;2017-02-24T17:15:20+0000
17;1;S&P 500 Edges Higher After Trump Renews Jobs Pledge;S&P 500 Edges Higher After Trump Renews Jobs Pledge';link;2049;2017-02-24T17:00:35+0000
18;1;;"Where the White House doors used to be closed, they are now wide open ‚Äì open for the People‚Äôs Business. But, most importantly, we are translating these meetings into action. One by one, we are checking off the promises we made to the people of the United States. And we will not stop until the job is done.‚úîÔ∏èWe will reduce taxes.‚úîÔ∏èWe will cut regulations.‚úîÔ∏èWe will support our police.‚úîÔ∏èWe will defend our flag.‚úîÔ∏èWe will rebuild our military.‚úîÔ∏èWe will take care of our Veterans.‚úîÔ∏èWe will fix our trade deals.‚úîÔ∏èWe will cut wasteful spending.‚úîÔ∏èWe will promote our values.‚úîÔ∏èWe will rebuild our inner cities.‚úîÔ∏èAnd we will bring back our jobs and our dreams.The forgotten men and women of America will be forgotten no longer. That is the heart of this new movement ‚Äì and the future of the Republican Party. The GOP will be the party of the American Worker. We will not answer to donors or lobbyists or special interests ‚Äì but we will serve the citizens of the United States of America. Global cooperation is important.  But there is no such thing as a global anthem, a global currency, or a global flag. There is one allegiance that unites us all, and that is our allegiance to America. No matter our background, or income, or geography ‚Äì we are all citizens of this blessed land. And no matter our color, we all bleed the same red blood of patriots. We all salute the same American Flag. And we are all made equal by the same Almighty God. As long as we have faith in each other, and trust in God, then there is no goal beyond our reach. There is no dream too large, no task too great. We are Americans.  And the future belongs to us. The future belongs to all of you. And America is about to come roaring back ‚Äì Bigger and Better and Stronger than ever before. Thank you, God Bless You, and God Bless the United States of America.";status;25753;2017-02-24T16:53:45+0000
19;1;;We inherited a national debt that has doubled in eight years. We inherited a foreign policy marked by one disaster after another. But we are taking firm, bold and decisive measures to turn it all around. The era of empty talk is over. Now is the time for action. So let me tell you about the actions we are taking right now to deliver on our promises to the American People.;status;3852;2017-02-24T16:47:27+0000
20;1;Timeline Photos;"We are also putting in a massive budget request for the military, and we will be substantially upgrading all of our defenses. It will be one of the greatest military buildups in American history. No one will dare to question our military might. We believe in Peace Through Strength. As part of my pledge to restore safety for the American People, I have also directed the Defense Community to develop a plan to destroy ISIS. Working with our allies, we will eradicate this evil from the face of the Earth. At the same time, we understand that national security begins with border security.  Foreign terrorists will not be able to strike America if they cannot get into America. So let me state this as clearly as I can: we are going to keep Radical Islamic Terrorists out of our country. We will not be deterred from this course. And, in a matter of days, we will be taking brand new action to protect our people and keep America Safe. I will never, ever apologize for protecting the safety and security of the American People.";photo;7234;2017-02-24T16:44:20+0000
21;1;;"We are going to massively lower taxes on the middle class, reduce taxes on American business, and make our tax code more simple and fair for everyone. In anticipation of these and other changes, jobs are already starting to pour back into our country.  Ford, Fiat Chrysler, General Motors, Sprint, Intel and so many others are making major investments in the United States ‚Äì expanding production, hiring more workers. It is time to get Americans off of welfare and back to work.";status;21574;2017-02-24T16:35:52+0000
22;1;;‚Ä™We are preparing to #RepealAndReplace the disaster known as #Obamacare ‚Äì we are going to save Americans from this crisis, and give them the access to the quality healthcare they deserve!;status;3719;2017-02-24T16:34:22+0000
23;1;Timeline Photos;Our victory was a win for every hardworking citizen in this country who believes in freedom, security and the rule of law. Our victory was a win for conservative values. And our victory was a win for everyone who believes it is time to stand up for America, to stand up for the American Worker, and to stand up for the American Flag. We are all part of this historic movement ‚Äì a movement the likes of which the world has never seen before!;photo;2275;2017-02-24T16:29:52+0000
24;1;;‚Ä™The media didn‚Äôt think we would win. The pundits didn‚Äôt think we would win. The consultants didn‚Äôt think we would win. But they all underestimated the power of the people ‚Äì and the people proved them all wrong. Never underestimate the people.‚Ä¨ #CPAC2017;status;6704;2017-02-24T16:03:05+0000
25;1;President Donald J. Trump;Join me live at CPAC!;video;1;2017-02-24T14:52:02+0000
26;1;;"The FBI is totally unable to stop the national security ""leakers"" that have permeated our government for a long time. They can't even find the leakers within the FBI itself. Classified information is being given to media that could have a devastating effect on U.S. FIND NOW";status;5190;2017-02-24T13:09:07+0000
28;1;Cisco chairman John Chambers explains how Trump will be a boon to tech startups;Cisco chairman John Chambers explains how Trump will be a boon to tech startups';link;1530;2017-02-24T12:12:00+0000
29;1;;Seven people shot and killed yesterday in Chicago. What is going on there - totally out of control. Chicago needs help!;status;6123;2017-02-24T01:38:00+0000
30;1;Poll: Trump More Trusted Than The Media;Poll: 'Trump More Trusted Than The Media';link;13575;2017-02-23T21:00:02+0000
31;1;The warrior-thinker Trump picked for national security adviser;The warrior-thinker Trump picked for national security adviser';link;2590;2017-02-23T20:00:03+0000
32;1;The Hill;Priebus & Bannon LIVE at CPAC 2017-;video;1;2017-02-23T19:04:41+0000
33;1;The White House;Join me LIVE at the White House with leading Manufacturing CEO's from around America.;video;1;2017-02-23T16:12:13+0000
34;1;VP Pence Joins Gov. Greitens at Jewish Cemetery Clean-Up;VP Pence Joins Gov. Greitens at Jewish Cemetery Clean-Up';link;23693;2017-02-23T14:57:18+0000
35;1;Trump on track to aggressively address immigration, crime: Column;Trump on track to aggressively address immigration, crime: Column';link;2299;2017-02-23T14:30:25+0000
36;1;Timeline Photos;"ON THIS DAY... Raising the Flag on Iwo Jima is a photograph taken on February 23, 1945, by Joe Rosenthal. It depicts six United States Marines raising a U.S. flag atop Mount Suribachi, during the Battle of Iwo Jima in World War II....https://en.m.wikipedia.org/wiki/Raising_the_Flag_on_Iwo_Jima";photo;20746;2017-02-23T13:06:27+0000
37;1;Timeline Photos;"#Repost Ivanka Trump via Instagram: Arabella and I visited the Supreme Court this morning and attended a hearing. I'm grateful for the opportunity to teach her about the judicial system in our country firsthand. #SCOTUS #SupremeCourt #ImportantLessons #MotherDaughter";photo;2697;2017-02-23T00:46:43+0000
38;1;Exclusive‚ÄîPoll: Majority Oppose Anti-Trump, Pro-Illegal Alien Protests - Breitbart;Exclusive‚ÄîPoll: Majority Oppose Anti-Trump, Pro-Illegal Alien Protests';link;3429;2017-02-23T00:23:38+0000
39;1;Donald Trump vows to cut waste in first budget;"No more wasted money! We must do a lot more with less, and look for every last dollar of savings. Unfortunately, the budget that we‚Äôre essentially inheriting, is a mess. The finances of our country are a mess - with the national debt at $20 TRILLION (doubling over the last eight years.) Washington cannot ignore this - we need to address it immediatley, and that's exactly what we are going to do!";link;15505;2017-02-23T00:03:37+0000
40;1;President Donald J. Trump‚Äôs First Month: Achieving Results for the American People;President Donald J. Trump‚Äôs First Month: Achieving Results for the American People:;link;7968;2017-02-22T18:59:57+0000
41;1;;Very much enjoyed my tour of the Smithsonian's National Museum of African American History and Culture...A great job done by amazing people!;video;5258;2017-02-22T14:06:16+0000
42;1;;The so-called angry crowds in home districts of some Republicans are actually, in numerous cases, planned out by liberal activists. Sad!;status;4099;2017-02-22T03:19:29+0000
43;1;Timeline Photos;"Great news! #MAGAüá∫üá∏ 'U.S. stocks rose to fresh record highs on Tuesday, boosted by strong earnings reports from Wal-Mart and other retailers and continued optimism about the economic agenda of President Donald J. Trump Trump. The Dow, S&P 500, Nasdaq and Russell 2000 all closing at record highs.'";photo;5134;2017-02-22T00:38:08+0000
44;1;Poll: Americans overwhelmingly oppose sanctuary cities;‚Ä™'Americans overwhelmingly oppose sanctuary cities';link;6932;2017-02-21T21:30:00+0000
45;1;At African American Museum, Donald Trump Vows to Defend 'Promise of Freedom';At African American Museum, Donald Trump Vows to Defend 'Promise of Freedom';link;2164;2017-02-21T20:09:38+0000
46;1;Timeline Photos;"‚ÄúI‚Äôm deeply proud that we now have a museum that honors the millions of African American men and women who built our national heritage, especially when it comes to faith, culture and the unbreakable American spirit"" Read more: http://www.cbsnews.com/amp/news/president-trump-visits-dc-african-american-history-museum/";photo;3221;2017-02-21T16:36:21+0000
47;1;Timeline Photos;Visiting the National Museum of African American History this morning.;photo;1862;2017-02-21T14:33:01+0000
48;1;BREAKING NEWS: President Trump Just Announced His New National Security Adviser...;President Trump Just Announced His New National Security Adviser';link;2321;2017-02-20T21:50:32+0000
49;1;;CONGRATULATIONS to our new National Security Adviser ---- General H.R. McMaster and Chief of Staff, General Keith Kellogg. Two great General's ---- who will play a big part in MAKING AMERICA SAFE AGAIN!;video;6581;2017-02-20T20:46:55+0000
50;1;Timeline Photos;We are not going to let the fake news tell us what to do, how to live, or what to believe!;photo;26860;2017-02-20T19:27:39+0000
51;1;;HAPPY PRESIDENTS DAY - MAKE AMERICA GREAT AGAIN!;status;21593;2017-02-20T17:04:41+0000
52;1;Timeline Photos;We will always protect those who protect us!;photo;9628;2017-02-19T22:27:55+0000
54;1;Trump: 1 Hour Of Negotiations Saved $1 BILLION On Air Force One;Trump: 1 Hour Of Negotiations Saved $1 BILLION On Air Force One';link;12055;2017-02-19T17:41:19+0000
55;1;Instagram post by Donald J. Trump ‚Ä¢ Feb 19, 2017 at 2:36pm UTC;;link;11142;2017-02-19T14:36:59+0000
56;1;;THANK YOU Gene - for coming out at 4:00am to support our MOVEMENT in Melbourne, Florida! THANK YOU to everyone who came out this evening. Lets MAKE AMERICA GREAT AGAIN!!;video;9959;2017-02-19T01:32:45+0000
57;1;Timeline Photos;THANK YOU MELBOURNE, FLORIDA! TOGETHER, WE WILL MAKE AMERICA SAFE AND GREAT AGAIN!;photo;20006;2017-02-18T23:44:03+0000
58;1;;Don't believe the main stream (fake news) media.The White House is running VERY WELL. I inherited a MESS and am in the process of fixing it.;status;19293;2017-02-18T18:41:55+0000
59;1;;Will be having many meetings this weekend at The Southern White House. Big 5:00 P.M. speech in Melbourne, Florida. A lot to talk about!;status;1866;2017-02-18T17:27:53+0000
60;1;;When American workers win, America as a country wins!;video;6995;2017-02-18T14:03:04+0000
61;1;;Wishing everyone a beautiful weekend!;video;39057;2017-02-18T02:00:37+0000
62;1;Timeline Photos;Congratulations to our new Administrator of the Environmental Protection Agency- Scott Pruitt, on being confirmed & sworn in today.  Scott is dedicated to creating policies that serve the American people. Learn more about him here‚û°Ô∏èhttps://www.epa.gov/aboutepa/epas-administrator;photo;2153;2017-02-18T01:48:57+0000
63;1;;The FAKE NEWS media (failing @nytimes, @NBCNews, @ABC, @CBS, @CNN) is not my enemy, it is the enemy of the American People!;status;16365;2017-02-17T23:25:17+0000
64;1;Timeline Photos;Congratulations to Boeing and all of the great employees in South Carolina! #MadeInUSA;photo;3180;2017-02-17T20:10:40+0000
65;1;Instagram post by Donald J. Trump ‚Ä¢ Feb 17, 2017 at 5:42pm UTC;I have some company with me today - heading to Marine One earlier today! Ivanka Trump & Jared on their way as well! #Family;link;10514;2017-02-17T17:54:36+0000
66;1;;Departing for South Carolina! Together, we will MAKE AMERICA GREAT AGAIN!;video;8543;2017-02-17T15:46:04+0000
67;1;The White House;Join me at 11:00am....;video;1;2017-02-17T15:38:22+0000
68;1;Timeline Photos;LETS MAKE AMERICA GREAT AGAIN!;photo;20813;2017-02-17T13:00:01+0000
69;1;Trump signs bill undoing Obama coal mining rule;‚Ä™'Trump signs bill undoing Obama coal mining rule'‚Ä¨;link;17809;2017-02-16T23:45:15+0000
70;1;The White House;It was an honor to host my friend, Prime Minster Benjamin Netanyahu - ◊ë◊†◊ô◊û◊ô◊ü ◊†◊™◊†◊ô◊î◊ï yesterday - at the White House!;video;2;2017-02-16T22:05:33+0000
71;1;The White House;;video;3;2017-02-16T19:47:38+0000
72;1;;"FAKE NEWS media, which makes up stories and ""sources,"" is far more effective than the discredited Democrats - but they are fading fast!";status;4310;2017-02-16T16:47:46+0000
73;1;;Stock market hits new high with longest winning streak in decades. Great level of confidence and optimism - even before tax plan rollout!;status;10217;2017-02-16T14:28:35+0000
74;1;Timeline Photos;Venezuela should allow Leopoldo Lopez, a political prisoner & husband of Lilian Tintori (just met with VP Pence & Senator Rubio) out of prison immediately.;photo;6187;2017-02-16T00:04:21+0000
75;1;Aetna CEO Says Obamacare in a 'Death Spiral';"Aetna CEO: Obamacare in 'Death Spiral'#RepealAndReplace";link;6142;2017-02-15T21:36:17+0000
76;1;Timeline Photos;"‚Ä™Welcome to the United States, @IsraeliPM Benjamin & Sara!‚Ä¨ ‚Ä™#ICYMIüá∫üá∏üáÆüá±Joint Press Conference: ‚Ä¨https://www.facebook.com/DonaldTrump/posts/10158654390690725‚Ä¨";photo;8114;2017-02-15T19:19:14+0000
77;1;The White House;Join me live in a joint press conference with The Prime Minister of Israel, Benjamin Netanyahu -- at the White House.;video;1;2017-02-15T16:45:38+0000
78;1;Timeline Photos;‚Ä™Great listening session with CEO's of the Retail Industry Leaders Association this morning!‚Ä¨;photo;3014;2017-02-15T16:35:05+0000
80;1;The White House;Join me at the White House, live!;video;3;2017-02-15T15:19:40+0000
81;1;;Crimea was TAKEN by Russia during the Obama Administration. Was Obama too soft on Russia?;status;5157;2017-02-15T13:33:43+0000
82;1;;"The real scandal here is that classified information is illegally given out by ""intelligence"" like candy. Very un-American!";status;5985;2017-02-15T13:32:38+0000
83;1;;The fake news media is going crazy with their conspiracy theories and blind hatred. @MSNBC & @CNN are unwatchable. @foxandfriends is great!;status;12496;2017-02-15T11:49:23+0000
84;1;Humana to drop out of ObamaCare marketplace at end of 2017;Obamacare continues to fail. Humana to pull out in 2018. Will repeal, replace & save healthcare for ALL Americans.;link;8582;2017-02-14T22:54:06+0000
85;1;;Great parent-teacher listening session this morning with VP Pence & U.S. Department of Education Secretary Betsy DeVos.;video;4953;2017-02-14T22:10:11+0000
86;1;The White House;Congratulations to our new Administrator of the Small Business Administration, Linda McMahon! Watch Linda be sworn-in:;video;1;2017-02-14T20:58:54+0000
87;1;The White House;Congratulations to our new Secretary of Veterans Affairs, Dr. David Schulkin! Time to put the men and women who have served and protected the United States of America-  FIRST! #Heroes;video;3;2017-02-14T20:52:57+0000
88;1;Timeline Photos;Happy Valentine'a Day!;photo;8535;2017-02-14T20:35:33+0000
89;1;Ivanka Trump Attends White House Taskforce Meeting with Canadian PM Justin Trudeau;Ivanka Trump Attends White House Taskforce Meeting with Canadian PM Justin Trudeau';link;1374;2017-02-14T16:53:27+0000
90;1;;The real story here is why are there so many illegal leaks coming out of Washington? Will these leaks be happening as I deal on North Korea, etc?;status;4805;2017-02-14T15:49:49+0000
91;1;The White House;CONGRATULATIONS to our new Treasury Steven Mnuchin -- he will be GREAT!;video;3;2017-02-14T02:27:38+0000
92;1;Timeline Photos;"Joint Statement from President Donald J. Trump and Prime Minister Justin Trudeau President Donald J. Trump and Prime Minister Justin Trudeau held their first official meeting today in Washington, D.C. and affirmed their longstanding commitment to close cooperation in addressing both the challenges facing our two countries and problems around the world. No two countries share deeper or broader relations than Canada and the United States.  We are bound together by our history, our values, our economy, our environment, and our resolve to improve the lives of our citizens.  Our close relationship and ongoing collaboration allow us to successfully meet any challenges we may face over the coming years, and to build a prosperous future for the people of both countries. Neighbors in Growing our Economies We recognize our profound shared economic interests, and will work tirelessly to provide growth and jobs for both countries.  Canada is the most important foreign market for thirty-five U.S. States, and more than $2 billion in two-way trade flows across our shared border every day.  Millions of American and Canadian middle-class jobs, including in the manufacturing sector, depend on our partnership.  We affirm the importance of building on this existing strong foundation for trade and investment and further deepening our relationship, with the common goal of strengthening the middle class. The United States and Canada also recognize the importance of cooperation to promote economic growth, provide benefits to our consumers and businesses, and advance free and fair trade.  We will continue our dialogue on regulatory issues and pursue shared regulatory outcomes that are business-friendly, reduce costs, and increase economic efficiency without compromising health, safety, and environmental standards.  We will work together regarding labor mobility in various economic sectors. Given our shared focus on infrastructure investments, we will encourage opportunities for companies in both countries to create jobs through those investments.  In particular, we look forward to the expeditious completion of the Gordie Howe International Bridge, which will serve as a vital economic link between our two countries. Energy Security and Environment U.S.-Canada energy and environmental cooperation are inextricably linked, and we commit to further improving our ties in those areas.  We have built the world‚Äôs largest energy trading relationship.  We share the goals of energy security, a robust and secure energy grid, and a strong and resilient energy infrastructure that contributes to energy efficiency in both countries.  We collaborate closely on energy innovation, particularly in the clean energy sphere.  As the process continues for the Keystone XL pipeline, we remain committed to moving forward on energy infrastructure projects that will create jobs while respecting the environment. We also look forward to building on our many areas of environmental cooperation, particularly along our border and at the Great Lakes, and we will continue to work together to enhance the quality of our air and water. Partners in Keeping our Border Secure We recognize the security of our borders as a top priority.  Together, we address security at our shared border and throughout our two countries, while expediting legitimate and vital cross-border trade and travel.  We demonstrate daily that security and efficiency go hand-in-hand, and we are building a 21st century border through initiatives such as pre-clearance of people and integrated cross-border law enforcement operations.  In addition, our two countries are committed to a coordinated entry-exit information system so that records of land and air entries into one country establish exit records for the other. Recognizing the success of pre-clearance operations for travelers, we commit to establishing pre-clearance operations for cargo.  We intend to accelerate the completion of pre-clearance for additional cities and continue to expand this program. Not only will these efforts enhance efficiency at our shared border, they will also strengthen our shared security.  In the spirit of a more efficient and secure border, we will also examine ways to further integrate our border operations, including analysis of the feasibility of co-locating border officials in common processing facilities. Because we share a strong concern about the increase in opioid-related deaths, our countries will work together on common solutions to protect our people from opioid trafficking. Given the integrated nature of the infrastructure that supports our intertwined economies, cyber threats to either country can affect the other.  We therefore commit to further cooperation to enhance critical infrastructure security, cyber incident management, public awareness, private sector engagement, and capacity building initiatives. Allies in the World We are indispensable allies in the defense of North America and other parts of the world, through NATO and other multilateral efforts.  Our troops have time and again fought together and sacrificed their lives for our shared values.  The North American Aerospace Defense Command (NORAD) illustrates the strength of our mutual commitment.  United States and Canadian forces jointly conduct aerospace warning, aerospace control, and maritime warning in defense of North America.  We will work to modernize and broaden our NORAD Partnership in these key domains, as well as in cyber and space. The United States welcomes Canada‚Äôs recently announced decision to launch an open and transparent competition to replace its legacy fleet of CF-18 fighter aircraft.  The United States also welcomes Canada‚Äôs decision to explore the immediate acquisition of 18 new Super Hornet aircraft as an interim capability to supplement the CF-18s until the permanent replacement is ready.  Canada appreciates the cooperation of the United States to facilitate these processes. The United States values Canada‚Äôs military contributions, including in the Global Coalition to Counter-ISIS and in Latvia.  Together, we are harnessing all elements of national power to achieve the goal of degrading and destroying ISIS through our military operations to deny it safe havens and to build the capacity of local partners, stop the flow of foreign terrorist fighters into the Middle East region, cut off access to financing and funding, counter the ISIS narrative, and support the stabilization of communities liberated from ISIS. Empowering Women Entrepreneurs and Business Leaders It is a priority of both countries to ensure equal opportunities for women in the workforce.  We are committed to removing barriers to women‚Äôs participation in the business community and supporting women as they advance through it.  As part of this effort, we are creating a United States-Canada Council for Advancement of Women Entrepreneurs and Business Leaders.  We expect this initiative to promote the growth of women-owned enterprises and to further contribute to our overall economic growth and competitiveness, as well as the enhanced integration of our economies. The Way Forward We share a commitment to continue to strengthen our ties for the benefit of our mutual prosperity and security. We look forward to our cabinets following up on today‚Äôs meeting with further discussions in their respective areas of responsibility.  Our countries deserve our full commitment to increased economic growth, which we will deliver.  The partnership between the United States and Canada will continue to be unique and a model for the world.";photo;2750;2017-02-13T21:59:29+0000
93;1;Timeline Photos;Wonderful meeting with Canadian PM Justin Trudeau and a group of leading CEO's & business women from Canadaüá®üá¶and the United Statesüá∫üá∏;photo;7226;2017-02-13T19:04:01+0000
94;1;;Join me for a few minutes as I meet with Canadian PM Trudeau and a group of leading CEO business women from the United States and Canada - to discuss women in the workforce.;video;11888;2017-02-13T17:14:12+0000
95;1;Timeline Photos;Welcome to the White House Prime Minister Justin Trudeau! üá∫üá∏üá®üá¶;photo;4377;2017-02-13T17:02:26+0000
96;1;Daniel Scavino Jr.;We have a GREAT afternoon of meeting planned. Looking forward to them!;photo;4;2017-02-13T16:40:31+0000
97;1;Trump, Trudeau to discuss women in workforce;‚Ä™Today I will meet with Canadian PM Trudeau & a group of leading business women to discuss women in the workforce.;link;3036;2017-02-13T15:53:49+0000
98;1;Timeline Photos;With our incredible heroes from the West Point Military Academy this weekend. THANK YOU FOR YOUR SERVICE TO THE UNITED STATES OF AMERICA!;photo;3348;2017-02-12T23:01:07+0000
99;1;Timeline Photos;"I will be a President for ALL of our people. -DJT";photo;11362;2017-02-12T20:58:40+0000
100;1;;"While on FAKE NEWS CNN, Bernie Sanders was cut off for using the term fake news to describe the network. They said technical difficulties! 72% of refugees admitted into U.S. (2/3 -2/11) during COURT BREAKDOWN are from 7 countries: SYRIA, IRAQ, SOMALIA, IRAN, SUDAN, LIBYA & YEMEN!";status;10518;2017-02-12T12:36:14+0000
101;1;;#ICYMI: Joint Statement with Prime Minister Shinzo Abe on North Korea.;video;3965;2017-02-12T05:04:18+0000
102;1;Joint Statment by President Trump and Prime Minister Shinz≈ç Abe;LIVE: Joint Statment by President Trump and Prime Minister Shinz≈ç Abe:;video;797;2017-02-12T03:27:27+0000
103;1;Timeline Photos;I am so proud of my daughter Ivanka. To be abused and treated so badly by the media, and to still hold her head so high, is truly wonderful!;photo;15531;2017-02-11T23:44:07+0000
104;1;Timeline Photos;‚Ä™‚Ä™Having a great time hosting Prime Minister Shinzo Abe in the United States! ‚Ä¨;photo;3326;2017-02-11T18:23:45+0000
106;1;Timeline Photos;"Our legal system is broken! ""77% of refugees allowed into U.S. since travel reprieve hail from seven suspect countries."" (WT)  SO DANGEROUS!";photo;5618;2017-02-11T16:10:25+0000
107;1;Timeline Photos;Melania and I are hosting Japanese Prime Minister Shinzo Abe and Mrs. Abe at Mar-a-Lago in Palm Beach, Fla. They are a wonderful couple!;photo;2613;2017-02-11T13:56:02+0000
108;1;;I am reading that the great border WALL will cost more than the government originally thought, but I have not gotten involved in the design or negotiations yet. When I do, just like with the F-35 Fighter Jet or the Air Force One Program, price will come WAY DOWN!;status;12757;2017-02-11T13:28:49+0000
109;1;Timeline Photos;Wonderful evening with Melania, Prime Minister Abe, Akie and my good friend Bob Kraft!;photo;6306;2017-02-11T04:21:25+0000
110;1;Daniel Scavino Jr.;Arrived in West Palm Beach (PBI) with First Lady Melania Trump, Prime Minister Shinz≈ç Abe & First Lady Akie Abe a couple of hours ago. Honored to welcome them to Florida!;video;1;2017-02-11T01:44:46+0000
111;1;Timeline Photos;‚Ä™Heading to Joint Base Andrews on #MarineOne with Prime Minister Shinz≈ç Abe earlier today.;photo;9926;2017-02-10T23:26:16+0000
112;1;The White House;Join me for my weekly address!;video;6;2017-02-10T21:05:18+0000
113;1;Timeline Photos;On behalf of the United States - I am honored to welcome Japan Prime Minister Shinz≈ç Abe back!;photo;2834;2017-02-10T18:20:17+0000
114;1;The White House;Join us live - for the swearing-in of our new Health and Human Services Secretary, Dr. Tom Price!;video;2;2017-02-10T16:19:33+0000
115;1;;"LAWFARE: ""Remarkably, in the entire opinion, the panel did not bother even to cite this (the) statute."" A disgraceful decision!";status;2392;2017-02-10T13:57:29+0000
116;1;;SEE YOU IN COURT, THE SECURITY OF OUR NATION IS AT STAKE!;status;24936;2017-02-09T23:41:27+0000
117;1;;"Senator McCain should not be talking about the success or failure of a mission to the media. Only emboldens the enemy! He's been losing so long he doesn't know how to win anymore, just look at the mess our country is in - bogged down in conflict all over the place. Our hero....Ryan died on a winning mission (according to General Mattis), not a ""failure."" Time for the U.S. to get smart and start winning again!";status;9105;2017-02-09T18:05:47+0000
118;1;The White House;Join us live at the White House - for the swearing in of our new Attorney General, Senator Jeff Sessions!;video;3;2017-02-09T15:54:42+0000
119;1;;"Chris Cuomo, in his interview with Sen. Blumenthal, never asked him about his long-term lie about his brave ""service"" in Vietnam. FAKE NEWS!";status;2176;2017-02-09T13:31:59+0000
120;1;Dan Scavino Jr. on Twitter;Very nice letter by the National Sheriffs Association - representing 3,000 Sheriffs from around the United States of America. I will NOT let you down - we are with you!;link;12793;2017-02-09T01:34:33+0000
121;1;Sobering' poll finds majority in leading EU nations would back Trump-style travel ban;"""Majority in Leading EU Nations Support Trump-Style Travel Ban: Poll""";link;10561;2017-02-08T23:17:10+0000
122;1;;Thank you Brian Krzanich, CEO of Intel. A great investment ($7 BILLION) in American INNOVATION and JOBS! #AmericaFirstüá∫üá∏;video;21975;2017-02-08T22:14:43+0000
123;1;Trump administration seen as more truthful than news media: poll;‚Ä™'Trump administration seen as more truthful than news media'‚Ä¨;link;21359;2017-02-08T22:13:32+0000
124;1;Opinion | Michael Flynn: Trump is like the chariot driver in ‚ÄòBen-Hur‚Äô;"Michael Flynn: ""Trump is like the chariot driver in Ben-Hur'";link;2235;2017-02-08T20:30:00+0000
125;1;Trump is stronger than national polls suggest;"TOGETHER, WE WILL MAKE AMERICA SAFE AND GREAT AGAIN! ""Trump is stronger than national polls suggest""";link;10169;2017-02-08T19:30:35+0000
126;1;;My daughter Ivanka has been treated so unfairly by Nordstrom. She is a great person who is always pushing me to do the right thing! Terrible!;status;10208;2017-02-08T16:56:41+0000
127;1;Timeline Photos;Thank you to our great Police Chiefs & Sheriffs for your leadership & service. You have a true friend in The White House. We support you!;photo;3068;2017-02-08T16:24:21+0000
128;1;16 Fake News Stories Reporters Have Run Since Trump Won;"""16 Fake News Stories Reporters Have Run Since Trump Won""";link;17473;2017-02-08T16:19:37+0000
129;1;;If the U.S. does not win this case as it so obviously should, we can never have the security and safety to which we are entitled. Politics!;status;5549;2017-02-08T13:02:37+0000
130;1;CEO confidence at near-record high. Why? Trump's war on regulation;"""Having said all that, Trump's pledge to rein in the growth of federal regulations is undoubtedly one of the key reasons why business sentiment is surging in the United States right now""";link;4345;2017-02-08T11:15:00+0000
132;1;;‚Ä™Our thoughts and prayers are with everyone in southeastern Louisiana affected by today's severe tornadoes. ‚Ä¨;status;4192;2017-02-08T05:21:09+0000
133;1;PRESIDENT TRUMP - - FIRST 100 DAYS;Join President Trump & his first 100 days in photos from the White House, on the road and behind the scenes - right here on Facebook! Together, we will MAKE AMERICA GREAT AGAIN!;photo;15506;2017-02-08T02:00:23+0000
134;1;;It is a disgrace that my full Cabinet is still not in place, the longest such delay in the history of our country. Obstruction by Democrats!;status;14940;2017-02-08T01:28:28+0000
135;1;Trump interview throws spotlight on Christian broadcaster;Congratulations David Brody & CBN News! I enjoyed my time with you all.;link;2623;2017-02-08T00:05:09+0000
136;1;Vice President Pence Casts Historic Vote to Confirm Betsy DeVos;Congratulations Betsy DeVos! Welcome to the team!!;link;8917;2017-02-07T23:52:58+0000
137;1;Washington better catch up to this business-minded president, ex-Chrysler chief says;"""Washington better catch up to this business-minded president, ex-Chrysler chief says""";link;3085;2017-02-07T18:40:37+0000
138;1;Timeline Photos;An honor having the National Sheriffs' Assoc. join me at the White House. Incredible men & women who protect & serve 24/7/365. THANK YOU!!;photo;6075;2017-02-07T16:25:58+0000
139;1;MEDIA ON PRESIDENT TRUMP;"Interesting segment - - - not surprised! ""The press is not being extra aggressive -- they are not doing actual checking and finding context."" Timothy Carney Washington Examiner";video;2457;2017-02-07T14:23:07+0000
140;1;;The threat from radical Islamic terrorism is very real, just look at what is happening in Europe and the Middle-East. Courts must act fast!;status;8706;2017-02-07T13:00:12+0000
141;1;;I don't know Putin, have no deals in Russia, and the haters are going crazy - yet Obama can make a deal with Iran, #1 in terror, no problem!;status;46023;2017-02-07T12:53:24+0000
142;1;;Remarks to Coalition Representatives and Senior US Commanders at CENTCOM base in Tampa, Florida.;video;4736;2017-02-07T00:08:32+0000
143;1;Timeline Photos;Happy Birthday, Mr. President!;photo;9760;2017-02-06T21:30:54+0000
144;1;Timeline Photos;After a briefing from CENTCOM & SOCOM leaders, I joined enlisted soliders, sailors, airmen and marines for a luncheon discussion this afternoon.;photo;6519;2017-02-06T19:30:33+0000
145;1;Team Trump finally brings realism to US Mideast policy;Team Trump finally brings realism to US';link;3634;2017-02-06T16:12:48+0000
146;1;;I call my own shots, largely based on an accumulation of data, and everyone knows it. Some FAKE NEWS media, in order to marginalize, lies!;status;5262;2017-02-06T15:13:22+0000
147;1;Timeline Photos;What an amazing comeback and win by the Patriots. Tom Brady, Bob Kraft and Coach B are total winners. Wow!;photo;20574;2017-02-06T03:59:09+0000
148;1;Timeline Photos;Thank you to the Palm Beach Central Band for their wonderful performance upon my arrival at this evenings Super Bowl Party!;photo;5101;2017-02-06T02:07:32+0000
149;1;;Enjoy the #SuperBowl and then we continue: MAKE AMERICA GREAT AGAIN!;status;10801;2017-02-05T23:06:48+0000
150;1;;I have instructed Homeland Security to check people coming into our country VERY CAREFULLY. The courts are making the job very difficult!;status;10342;2017-02-05T21:35:42+0000
151;1;Regis Philbin: Trump Doing 'Quite Well' and Getting 'Things Done';Regis Philbin: Trump Doing ‚ÄòQuite Well‚Äô and Getting ‚ÄòThings Done‚Äô;link;5512;2017-02-05T18:43:47+0000
152;1;Timeline Photos;Don't miss Bill O‚ÄôReilly‚Äôs interview with me  tomorrow at 4p ET during the #SuperBowl   pregame show on FOX.;photo;2994;2017-02-05T15:49:24+0000
153;1;;MAKE AMERICA GREAT AGAIN!;status;17006;2017-02-04T21:15:20+0000
154;1;;When a country is no longer able to say who can, and who cannot , come in & out, especially for reasons of safety & security - big trouble!;status;20696;2017-02-04T18:30:51+0000
155;1;After Trump attack, Lockheed Martin slashes F-35 cost;After Trump attack, Lockheed Martin slashes F-35 cost';link;6003;2017-02-04T16:00:27+0000
156;1;Patriots owner on Trump: ‚ÄòIn the toughest time in my life, he was there for me‚Äô;‚Ä™Patriots owner on Trump: ‚ÄòIn the toughest time in my life, he was there for me‚Äô;link;10549;2017-02-04T13:30:28+0000
158;1;;Countries charge U.S. companies taxes or tariffs while the U.S. charges them nothing or little. We should charge them SAME as they charge us!;status;10094;2017-02-04T03:32:29+0000
159;1;;"We must keep ""evil"" out of our country!";status;23455;2017-02-04T00:30:13+0000
160;1;Timeline Photos;Another BUSY day at the White House today. THANK YOU for your continued support!;photo;5735;2017-02-03T22:54:50+0000
161;1;President Donald J. Trump;;video;3;2017-02-03T22:09:41+0000
162;1;Remarks by President Trump at Signing of Executive Order on Fiduciary Rule;Remarks by President Trump at Signing of Executive Order on Fiduciary Rule:;link;1378;2017-02-03T20:00:20+0000
163;1;President Donald J. Trump Proclaims February as American Heart Month;President Donald J. Trump Proclaims February as American Heart‚ù§Ô∏èMonth:;link;3652;2017-02-03T17:54:45+0000
164;1;Timeline Photos;Congratulations to Rex! He will be an outstanding Secretary of State!;photo;4718;2017-02-03T16:00:43+0000
165;1;;Meeting with biggest business leaders this morning. Good jobs are coming back to U.S., health care and tax bills are being crafted NOW!;status;7180;2017-02-03T14:30:45+0000
166;1;;A new radical Islamic terrorist has just attacked in Louvre Museum in Paris. Tourists were locked down. France on edge again. GET SMART U.S.;status;26241;2017-02-03T12:58:20+0000
167;1;;Professional anarchists, thugs and paid protesters are proving the point of the millions of people who voted to MAKE AMERICA GREAT AGAIN!;status;16609;2017-02-03T11:57:20+0000
168;1;Trump taps CIA veteran for agency's second in command;‚Ä™'Trump taps first woman to CIA second in command'‚Ä¨;link;6199;2017-02-02T23:53:40+0000
169;1;;If U.C. Berkeley does not allow free speech and practices violence on innocent people with a different point of view - NO FEDERAL FUNDS?;status;13499;2017-02-02T22:35:29+0000
170;1;;Attending Chief Ryan Owens' Dignified Transfer yesterday with my daughter Ivanka was my great honor. To a great and brave man - thank you!;status;3250;2017-02-02T20:52:10+0000
171;1;Kuwait issues its own Trump-esque visa ban for five Muslim-majority countries;"Smart! 'Kuwait issues its own Trump-esque visa ban for five Muslim-majority countries | Al Bawaba'";link;67985;2017-02-02T17:25:28+0000
172;1;;"Iran was on its last legs and ready to collapse until the U.S. came along and gave it a life-line in the form of the Iran Deal: $150 billion. Iran has been formally PUT ON NOTICE for firing a ballistic missile.Should have been thankful for the terrible deal the U.S. made with them!";status;8848;2017-02-02T14:12:11+0000
173;1;Timeline Photos;As president I have no higher duty than to protect the American people. -DJT;photo;27056;2017-02-02T13:00:17+0000
174;1;;Do you believe it? The Obama Administration agreed to take thousands of illegal immigrants from Australia. Why? I will study this dumb deal!;status;13326;2017-02-02T11:07:59+0000
175;1;;Iran is rapidly taking over more and more of Iraq even after the U.S. has squandered three trillion dollars there. Obvious long ago!;status;3543;2017-02-02T03:14:39+0000
176;1;President Donald J. Trump;;video;7;2017-02-02T00:13:55+0000
177;1;;"Statement by the National Security Advisor Recent Iranian actions, including a provocative ballistic missile launch and an attack against a Saudi naval vessel conducted by Iran-supported Houthi militants, underscore what should have been clear to the international community all along about Iran‚Äôs destabilizing behavior across the Middle East. The recent ballistic missile launch is also in defiance of UN Security Council Resolution 2231, which calls upon Iran ‚Äúnot to undertake any activity related to ballistic missiles designed to be capable of delivering nuclear weapons, including launches using such ballistic missile technology. These are just the latest of a series of incidents in the past six months in which Houthi forces that Iran has trained and armed have struck Emirati and Saudi vessels, and threatened U.S. and allied vessels transiting the Red Sea.  In these and other similar activities, Iran continues to threaten U.S. friends and allies in the region. The Obama Administration failed to respond adequately to Tehran‚Äôs malign actions‚Äîincluding weapons transfers, support for terrorism, and other violations of international norms.  The Trump Administration condemns such actions by Iran that undermine security, prosperity, and stability throughout and beyond the Middle East and place American lives at risk. President Trump has severely criticized the various agreements reached between Iran and the Obama Administration, as well as the United Nations ‚Äì as being weak and ineffective. Instead of being thankful to the United States for these agreements, Iran is now feeling emboldened. As of today, we are officially putting Iran on notice.";status;18777;2017-02-01T19:37:42+0000
178;1;Timeline Photos;‚Ä™Moment of prayer last night after my nomination of Judge Neil Gorsuch for #SCOTUS. It was an honor having Maureen and Fr. Scalia join us.‚Ä¨;photo;77157;2017-02-01T17:08:52+0000
179;1;Timeline Photos;Proud to honor the start of Black History Month at The White House this morning with Vice President Mike Pence.;photo;8914;2017-02-01T16:26:18+0000
180;1;Fox Business;#ICYMI: Yesterday, Vice President Mike Pence swore in Elaine Chao as U.S. Secretary of Transportation.;video;2;2017-02-01T12:25:51+0000
181;1;Timeline Photos;Hope you like my nomination of Judge Neil Gorsuch for the United States Supreme Court. He is a good and brilliant man, respected by all.;photo;4454;2017-02-01T04:22:20+0000
182;1;Timeline Photos;"President Donald J. Trump Nominates Judge Neil Gorsuch to the United States Supreme Court Today, President Donald J. Trump nominated Judge Neil Gorsuch of the U.S. Court of Appeals for the Tenth Circuit to fill the Supreme Court vacancy created by the passing of Justice Antonin Scalia. The nomination of Judge Gorsuch comes after a selection process marked by an unprecedented level of transparency and involvement by the American voters. ‚ÄúI am proud to announce the nomination of Judge Neil Gorsuch for Justice of the Supreme Court,‚Äù President Trump said. ‚ÄúThis has been the most transparent and most important Supreme Court selection process in the history of our country and I wanted the American people to have a voice in this nomination. Judge Gorsuch has a superb intellect, an unparalleled legal education, and a commitment to interpreting the Constitution according to its text. He will make an incredible Justice as soon as the Senate confirms him.‚Äù Judge Gorsuch was born and raised in Colorado. He attended Columbia University and Harvard Law School. After graduating with honors, he received his doctorate from Oxford University as a Marshall Scholar. Judge Gorsuch clerked for Judge David Sentelle of the D.C. Circuit and both Justices Byron White and Anthony Kennedy on the Supreme Court. Following a successful career in private practice, Judge Gorsuch joined the Department of Justice as the Principal Deputy Associate Attorney General. In 2006, President George W. Bush nominated him for the U.S. Court of Appeals for the Tenth Circuit, and he was confirmed by voice vote without objection. He has served with distinction, earning a reputation as a brilliant jurist with an outstanding intellect and a clear, incisive writing style, and he is universally respected for his integrity and fairness to all parties. ‚ÄúI am honored and humbled to receive this nomination,‚Äù said Judge Gorsuch. ‚ÄúI look forward to meeting with Senators over the coming weeks as we begin this process.‚Äù";photo;4003;2017-02-01T04:05:05+0000
184;1;Timeline Photos;Join us in congratulating Judge Neil Gorsuch on his nomination for #SCOTUS! Read his bio here: https://www.whitehouse.gov/nominee-gorsuch;photo;5272;2017-02-01T01:59:32+0000
185;1;Timeline Photos;"My nominee for Supreme Court Justice- Judge Neil Gorsuch! #SCOTUS #JusticeGorsuch";photo;5045;2017-02-01T01:19:52+0000
186;1;President Donald J. Trump;;video;5;2017-02-01T00:45:15+0000
187;1;PRESIDENT TRUMP - - FIRST 100 DAYS;Join President Trump & his first 100 days in photos from the White House, on the road and behind the scenes - right here on Facebook! Together, we will MAKE AMERICA GREAT AGAIN!;photo;15506;2017-01-31T23:36:25+0000
188;1;;This morning with pharmaceutical executives:;video;21336;2017-01-31T22:17:56+0000
189;1;;"PRESIDENT TRUMP WORKS TO MAKE DRUGS MORE AFFORDABLE, CREATE JOBS Highlights From The President‚Äôs Listening Session With Pharmaceutical Industry Leaders-PRESIDENT TRUMP: ‚ÄúYou folks have done a terrific job over the years, but we have to get prices down for a lot of reasons. We have no choice. For Medicare, for Medicaid, we have to get the prices way down, so that's what we're going to be talking about. We're also going to be streamlining the process so that from your standpoint when you have drug you can actually get it approved, if it works instead of waiting for many, many years. The U.S. drug companies have produced extraordinary results for our country but the pricing has been astronomical for our country.‚ÄùPresident Trump Focused On Cutting Regulations To Encourage Drug Companies To Bring Back Operations And Jobs To The United States PRESIDENT TRUMP: ‚ÄúSo you have to get your companies back here. We have to make progress back. We're going to get rid of a tremendous number of regulations. I know you have some problems where you cannot even think about opening up new plants and then you can't get approval for the plant and then you can't get approval to make the drug.‚Äù President Trump On Appointing A Leader To Streamline The FDA To Reduce Prices And Get New Products On The Market Faster: PRESIDENT TRUMP: ‚ÄúWe‚Äôre going to streamline the FDA, we have a fantastic person that I think I we‚Äôll be naming fairly soon, he's going to streamline the FDA and you're going to get your products either approved or not approved but it's going to be a quick process. It‚Äôs not going to take 15 years. And we're going to do I think a tremendous -- I think we're going to make a tremendous difference to you. I read where it costs sometimes $2.5 billion on average, actually, to come up with a new product. Is that correct? 15 years, $2.5 billion to come up with a product where there's not even a safety problem. So it's crazy. I‚Äôm surprised you can't get them to move faster than that.‚Äù";status;8578;2017-01-31T21:14:05+0000
190;1;Timeline Photos;"Today I met with pharmaceutical executives at the White House. US drug companies have produced extraordinary results for our country, but the pricing has been astronomical for our country. We have to do better. We have to get lower prices, we have to get even better innovation. I expressed to the executives that I want them to move their companies back to the United States -- and I want them to manufacture in the United States. Our trade policy will prioritize that foreign countries pay their fair share for U.S.-manufactured drugs, so our drug companies have greater financial resources to accelerate development of new cures -- I think that‚Äôs so important! Right now it‚Äôs very unfair what other countries are doing to us - and in order to MAKE AMERICA GREAT AGAIN -- we all need to work together right here in the United States of America.";photo;32622;2017-01-31T18:54:22+0000
191;1;;"President Donald J. Trump Will Continue to Enforce Executive Order Protecting the Rights of the LGBTQ Community in the Workplace: President Donald J. Trump is determined to protect the rights of all Americans, including the LGBTQ community. President Trump continues to be respectful and supportive of LGBTQ rights, just as he was throughout the election. The President is proud to have been the first ever GOP nominee to mention the LGBTQ community in his nomination acceptance speech, pledging then to protect the community from violence and oppression. The executive order signed in 2014, which protects employees from anti-LGBTQ workplace discrimination while working for federal contractors, will remain intact at the direction of President Donald J. Trump.";status;37252;2017-01-31T17:01:12+0000
192;1;;When will the Democrats give us our Attorney General and rest of Cabinet! They should be ashamed of themselves! No wonder D.C. doesn't work!;status;11962;2017-01-31T14:33:45+0000
193;1;;"Statement on the Appointment of Dana Boente as Acting Attorney General The acting Attorney General, Sally Yates, has betrayed the Department of Justice by refusing to enforce a legal order designed to protect the citizens of the United States. This order was approved as to form and legality by the Department of Justice Office of Legal Counsel. Ms. Yates is an Obama Administration appointee who is weak on borders and very weak on illegal immigration. It is time to get serious about protecting our country. Calling for tougher vetting for individuals travelling from seven dangerous places is not extreme. It is reasonable and necessary to protect our country. Tonight, President Trump relieved Ms. Yates of her duties and subsequently named Dana Boente, U.S. Attorney for the Eastern District of Virginia, to serve as Acting Attorney General until Senator Jeff Sessions is finally confirmed by the Senate, where he is being wrongly held up by Democrat senators for strictly political reasons. ‚ÄúI am honored to serve President Trump in this role until Senator Sessions is confirmed. I will defend and enforce the laws of our country to ensure that our people and our nation are protected,‚Äù said Dana Boente, Acting Attorney General.";status;46142;2017-01-31T02:40:53+0000
194;1;;The Democrats are delaying my cabinet picks for purely political reasons. They have nothing going but to obstruct. Now have an Obama A.G.;status;5613;2017-01-31T01:01:08+0000
195;1;;I will announce my pick for the United States Supreme Court tomorrow night at 8pm from the White House.;video;3595;2017-01-31T00:34:07+0000
196;1;;#ICYMI: My interview with David Brody of the Christian Broadcasting Network. -DJT;video;6323;2017-01-30T22:17:53+0000
197;1;Timeline Photos;The American dream is back. We‚Äôre going to create an environment for small business like we haven‚Äôt had in many, many decades!;photo;16510;2017-01-30T21:08:37+0000
198;1;;I have made my decision on who I will nominate for The United States Supreme Court. It will be announced live on Tuesday at 8:00 P.M. (W.H.);status;5856;2017-01-30T16:50:06+0000
199;1;;"Statement Regarding Recent Executive Order Concerning Extreme Vetting ‚ÄúAmerica is a proud nation of immigrants and we will continue to show compassion to those fleeing oppression, but we will do so while protecting our own citizens and border. America has always been the land of the free and home of the brave. We will keep it free and keep it safe, as the media knows, but refuses to say. My policy is similar to what President Obama did in 2011 when he banned visas for refugees from Iraq for six months. The seven countries named in the Executive Order are the same countries previously identified by the Obama administration as sources of terror. To be clear, this is not a Muslim ban, as the media is falsely reporting. This is not about religion - this is about terror and keeping our country safe. There are over 40 different countries worldwide that are majority Muslim that are not affected by this order. We will again be issuing visas to all countries once we are sure we have reviewed and implemented the most secure policies over the next 90 days. I have tremendous feeling for the people involved in this horrific humanitarian crisis in Syria. My first priority will always be to protect and serve our country, but as President I will find ways to help all those who are suffering.‚Äù";status;269561;2017-01-29T23:16:28+0000
200;1;;Christians in the Middle-East have been executed in large numbers. We cannot allow this horror to continue!;status;39999;2017-01-29T18:00:32+0000
201;1;;Our country needs strong borders and extreme vetting, NOW. Look what is happening all over Europe and, indeed, the world - a horrible mess!;status;17006;2017-01-29T16:08:09+0000
202;1;Timeline Photos;We will make America STRONG AGAIN. We will make America PROUD AGAIN. We will make America SAFE AGAIN. AND WE WILL MAKE AMERICA GREAT AGAIN!;photo;18846;2017-01-29T13:30:33+0000
203;1;Timeline Photos;I WILL NEVER, EVER STOP FIGHTING FOR YOU. -DJT;photo;9821;2017-01-29T02:24:20+0000
204;1;Timeline Photos;"READOUT OF THE PRESIDENT‚ÄôS CALL WITH CHANCELLOR ANGELA MERKEL OF GERMANY President Trump and Chancellor Merkel today held an extensive telephone conversation covering a range of issues, including NATO, the situation in the Middle East and North Africa, relations with Russia, and the Ukraine crisis.  Both leaders affirmed the importance of close German-American cooperation to our countries' security and prosperity and expressed their desire to deepen already close German-American relations in the coming years. The President and Chancellor also agreed on the NATO Alliance's fundamental importance to the broader transatlantic relationship and its role in ensuring the peace and stability of our North Atlantic community.  In this vein, the leaders recognized that NATO must be capable of confronting 21st century threats and that our common defense requires appropriate investment in military capabilities to ensure all Allies are contributing their fair share to our collective security. The leaders agreed on the need to strengthen already robust cooperation in the fight against terrorism and violent extremism, and to work to stabilize conflict areas in the Middle East and North Africa. The President accepted the Chancellor's invitation to attend the G-20 Summit in Hamburg, Germany, in July, and said he looked forward to receiving the Chancellor in Washington soon.";photo;3997;2017-01-29T01:10:57+0000
205;1;Timeline Photos;"READOUT OF THE PRESIDENT‚ÄôS CALL WITH AUSTRALIAN PRIME MINISTER MALCOLM TURNBULL President Donald J. Trump and Australian Prime Minister Malcolm Turnbull spoke by phone for twenty-five minutes today. Both leaders emphasized the enduring strength and closeness of the U.S.-Australia relationship that is critical for peace, stability, and prosperity in the Asia-Pacific region and globally.";photo;2594;2017-01-29T00:57:50+0000
206;1;Timeline Photos;"READOUT OF THE PRESIDENT‚ÄôS CALL WITH FRENCH PRESIDENT FRANCOIS HOLLANDE President Trump spoke by phone today with President Francois Hollande of France to express his desire to strengthen U.S.-French cooperation on a range of issues, especially on counterterrorism and security.  The leaders discussed our military and defense cooperation both bilaterally and through NATO. President Trump reaffirmed the U.S. commitment to NATO and noted the importance of all NATO Allies sharing the burden on defense spending.  The leaders also lauded our combined efforts to eliminate ISIS in Iraq and Syria. President Trump expressed his condolences for the loss of life in terrorist attacks in France over the past two years. The two leaders agreed to continue close coordination between Washington and Paris on issues of mutual concern.";photo;3150;2017-01-29T00:54:00+0000
207;1;Timeline Photos;"READOUT OF THE PRESIDENT‚ÄôS CALL WITH RUSSIAN PRESIDENT VLADIMIR PUTIN President Donald J. Trump received a congratulatory call today from Russian President Vladimir Putin. The call lasted approximately one hour and ranged in topics from mutual cooperation in defeating ISIS to efforts in working together to achieve more peace throughout the world including Syria. The positive call was a significant start to improving the relationship between the United States and Russia that is in need of repair. Both President Trump and President Putin are hopeful that after today's call the two sides can move quickly to tackle terrorism and other important issues of mutual concern.";photo;12286;2017-01-29T00:49:39+0000
208;1;Timeline Photos;We are keeping busy at the White House today - - it is time to MAKE AMERICA GREAT AGAIN!;photo;9537;2017-01-28T22:33:34+0000
210;1;;Signed some additional executive orders in the Oval Office moments ago-;video;7155;2017-01-28T22:01:41+0000
211;1;Politico: Trump Is Doing ‚ÄòExactly‚Äô What He Promised On The Campaign Trail;"""Trump Is Doing ‚ÄòExactly‚Äô What He Promised On The Campaign Trail""";link;12830;2017-01-28T20:45:16+0000
212;1;President Donald J. Trump;;video;8;2017-01-28T17:45:42+0000
213;1;Timeline Photos;‚Ä™Today, we remember the crew of the Space Shuttle Challenger, 31 years later. #NeverForget ‚Ä¨;photo;44647;2017-01-28T15:43:19+0000
214;1;Florida Mayor Orders End to Sanctuary City Policy - Breitbart;Florida Mayor Orders End to Sanctuary City Policy';link;4166;2017-01-28T03:08:59+0000
215;1;The energy sector could gain 10% under Trump, strategist Tom Lee says;The energy sector could gain 10% under Trump, strategist Tom Lee says';link;1175;2017-01-27T22:30:23+0000
216;1;;Congratulations Secretary Mattis!;video;5218;2017-01-27T22:02:42+0000
217;1;President Donald J. Trump;;video;1;2017-01-27T21:48:17+0000
218;1;Timeline Photos;From now on, it's going to be AMERICA FIRST!;photo;14327;2017-01-27T21:00:20+0000
219;1;;"Joint Statement on U.S. - Mexico Relations The United States President Donald J. Trump and Mexican President Enrique Pe√±a Nieto spoke by phone this morning for an hour.  The call was mutually arranged by their teams. The two had a productive and constructive call regarding the bilateral relationship between the two countries, the current trade deficit the United States has with Mexico, the importance of the friendship between the two nations, and the need for the two nations to work together to stop drug cartels, drug trafficking and illegal guns and arms sales. With respect to payment for the border wall, both presidents recognize their clear and very public differences of positions on this issue but have agreed to work these differences out as part of a comprehensive discussion on all aspects of the bilateral relationship. Both presidents have instructed their teams to continue the dialogue to strengthen this important strategic and economic relationship in a constructive way.";status;8604;2017-01-27T20:58:03+0000
220;1;Timeline Photos;"‚Ä™An honor to have U.K. Prime Minister Theresa May join me at the White House. #ICYMI‚û°Ô∏èour joint press conference: https://www.facebook.com/POTUS/videos/1235586643177440/‚Ä¨";photo;995;2017-01-27T19:09:11+0000
221;1;President Donald J. Trump;;video;6;2017-01-27T18:13:59+0000
222;1;;I will now be sending official updates from my new President Donald J. Trump Facebook page. Follow along today for an exciting afternoon of Facebook Live starting at 1pm!;status;7877;2017-01-27T17:02:14+0000
223;1;Timeline Photos;I am asking you to believe in yourself again- and I'm asking you to believe in America again. President Donald J. Trump;photo;49746;2017-01-27T16:31:16+0000
224;1;;Mexico has taken advantage of the U.S. for long enough. Massive trade deficits & little help on the very weak border must change, NOW!;status;7890;2017-01-27T14:36:05+0000
225;1;;People want protection and a wall protects. All you have to do is ask Israel...;video;9063;2017-01-27T12:25:30+0000
226;1;Timeline Photos;Will be interviewed by Sean Hannity on Fox News at 10:00pm (now.) Enjoy!;photo;3813;2017-01-27T02:56:10+0000
227;1;Miami-Dade mayor orders jails to comply with Trump crackdown on ‚Äòsanctuary‚Äô counties;Miami-Dade Mayor drops sanctuary policy. Right decision. Strong!;link;14163;2017-01-27T00:02:36+0000
228;1;;I've said many times that the American people WILL NOT pay for the wall.....;video;11931;2017-01-26T23:24:54+0000
229;1;;Spoke at the Congressional GOP Retreat in Philadelphia, PA. this afternoon with Vice President Pence, Senate Majority Leader McConnell, and Speaker Paul Ryan. Thank you for your support!;video;2729;2017-01-26T20:03:09+0000
230;1;;Thank you Franklin Graham. Together, we will MAKE AMERICA GREAT AGAIN!;video;17715;2017-01-26T17:00:43+0000
231;1;;Departing for Philadelphia-;video;12146;2017-01-26T16:16:21+0000
232;1;Timeline Photos;There is no challenge too great, no dream outside of our reach! -DJT;photo;5688;2017-01-26T15:15:52+0000
233;1;;The U.S. has a 60 billion dollar trade deficit with Mexico. It has been a one-sided deal from the beginning of NAFTA with massive numbers of jobs and companies lost. If Mexico is unwilling to pay for the badly needed wall, then it would be better to cancel the upcoming meeting.;status;22078;2017-01-26T14:32:41+0000
234;1;How Trump is remaking the ‚Äòculture war‚Äô;How Trump is remaking the ‚Äòculture war‚Äô;link;2864;2017-01-26T13:00:34+0000
236;1;;I will be making my Supreme Court pick on Thursday of next week. Thank you!;status;5760;2017-01-26T04:33:12+0000
237;1;Timeline Photos;As your President, I have no higher duty than to protect the lives of the American people.;photo;12750;2017-01-26T02:22:18+0000
238;1;Timeline Photos;‚Ä™I will be interviewed by David Muir tonight at 10 o'clock on ABC. Will be my first interview from the White House. Enjoy!‚Ä¨;photo;4783;2017-01-25T22:08:37+0000
239;1;Jobs Trump brings back will pay better and be high skilled, US manufacturing chief says;"""Jobs Trump brings back will pay better and be high skilled, US manufacturing chief says""";link;4350;2017-01-25T20:30:12+0000
240;1;;Join me live at the United States Department of Homeland Security. We are going to build the wall.;video;15828;2017-01-25T20:03:05+0000
241;1;Supermarket operator Kroger to fill 10,000 permanent posts;Supermarket chain Kroger to fill 10,000 permanent positions';link;8170;2017-01-25T19:30:50+0000
242;1;Timeline Photos;I will be a President for ALL of our people.;photo;17907;2017-01-25T16:30:08+0000
243;1;What Trump got right on Day 1: The jobs agenda;What Trump got right on Day 1: The jobs agenda';link;2927;2017-01-25T15:24:09+0000
244;1;Markets Right Now: Dow Jones industrials breach 20,000;"üö®BREAKING Markets Right Now: Dow Jones industrials breach 20,000";link;9624;2017-01-25T14:55:32+0000
245;1;Trump revives pipeline projects: Our view;Trump revives pipeline projects: Our view';link;3178;2017-01-25T13:58:30+0000
246;1;Instagram photo by Donald J. Trump ‚Ä¢ Jan 25, 2017 at 1:10pm UTC;GOOD MORNING!;link;9751;2017-01-25T13:11:10+0000
247;1;;"If Chicago doesn't fix the horrible ""carnage"" going on, 228 shootings in 2017 with 42 killings (up 24% from 2016), I will send in the Feds!";status;32247;2017-01-25T05:40:16+0000
248;1;January 20, 2017 - Inaugural Parade - THANK YOU!;My entire family enjoyed the inaugural parade very much! THANK YOU to all of the participants who joined us in Washington, D.C. on January 20, 2017. Without question, a day we will never forget!;video;10459;2017-01-25T00:02:40+0000
249;1;Timeline Photos;‚Ä™Meeting right now with members of the Senate leadership at the @WhiteHouse with Vice President Pence.;photo;3185;2017-01-24T20:29:42+0000
250;1;Donald J. Trump's cover photo;On behalf of First Lady Melania Trump and myself - we THANK YOU for the outpouring of support and love from you! Lets MAKE AMERICA GREAT AGAIN!;photo;10023;2017-01-24T19:40:48+0000
251;1;Timeline Photos;Signing orders to move forward with the construction of the Keystone XL and Dakota Access pipelines in the Oval Office.;photo;15673;2017-01-24T17:50:30+0000
252;1;Timeline Photos;Great meeting with automobile industry leaders at the White House this morning. Together, we will MAKE AMERICA GREAT AGAIN!;photo;7427;2017-01-24T17:43:25+0000
253;1;;Will be meeting at 9:00 with top automobile executives concerning jobs in America. I want new plants to be built here for cars sold here!;status;14390;2017-01-24T12:44:34+0000
254;1;Timeline Photos;Senate confirmed Mike Pompeo tonight. Vice President Mike Pence wasted no time in swearing him in - as America's new CIA Director. Congratulations Mike!;photo;5919;2017-01-24T04:51:21+0000
255;1;Donald Trump is the first president to Snapchat his inauguration;"We have a lot of exciting things planned - so we can communicate with YOU - - - the AMERICAN PEOPLE! 'Donald Trump is the first president to Snapchat his inauguration'";link;4640;2017-01-24T02:30:49+0000
256;1;PRESIDENT DONALD J. TRUMP INAUGURAL ADDRESS;My family and I will never forget Friday, January 20th, 2017. Thank you!;video;17919;2017-01-23T20:36:07+0000
257;1;Timeline Photos;"Earlier today I signed three executive orders: 1. Withdraw the U.S. from the Trans Pacific Partnership (TPP.) 2. Reinstate the Mexico City Policy dealing with non-governmental organizations (NGOs) and abortion access. . A complete freeze on federal workforce hiring - with the EXCEPTION of our United States Military.";photo;54530;2017-01-23T19:11:41+0000
258;1;Press Briefing with Press Secretary Sean Spicer;WHITE HOUSE PRESS BRIEFING UNDERWAY:;video;1805;2017-01-23T18:47:23+0000
259;1;;;video;9871;2017-01-23T16:57:08+0000
260;1;Ivanka Trump;Thanks for sharing Ivanka. So proud of you and Jared as parents!;photo;3;2017-01-23T12:30:03+0000
262;1;Timeline Photos;Governors Ball at the White House this evening was wonderful!;photo;4753;2017-02-27T04:38:42+0000
263;1;Fox News Sunday;Thank you for joining me right here on Facebook, Twitter and Instagram- as the #TrumpTrain approaches 100 MILLION- with additional social media platforms being introduced in the near future.;video;3;2017-02-27T02:59:30+0000
264;1;Instagram post by Donald J. Trump ‚Ä¢ Feb 27, 2017 at 1:35am UTC;Thank you Donald Trump Jr. - proud of you!;link;2359;2017-02-27T01:36:21+0000
265;1;Timeline Photos;THE AMERICAN DREAM IS BACK.....;photo;6976;2017-02-26T23:51:30+0000
266;1;;Russia talk is FAKE NEWS put out by the Dems, and played up by the media, in order to mask the big election defeat and the illegal leaks!;status;4957;2017-02-26T18:45:52+0000
267;1;The White House;Join me for my Weekly Address at the White House!;video;4;2017-02-26T16:12:41+0000
268;1;;"The race for DNC Chairman was, of course, totally ""rigged."" Bernie's guy, like Bernie himself, never had a chance. Clinton demanded Perez!";status;1817;2017-02-26T14:35:11+0000
269;1;Instagram post by Donald J. Trump ‚Ä¢ Feb 25, 2017 at 11:23pm UTC;I will not be attending the White House Correspondents' Association Dinner this year. Please wish everyone well and have a great evening!;link;6049;2017-02-25T23:27:37+0000
270;1;Timeline Photos;As long as we have faith in each other and trust in God, then there is no goal at all beyond our reach.;photo;39117;2017-02-25T18:00:50+0000
271;1;Timeline Photos;We are going to MAKE AMERICA SAFE AND GREAT AGAIN!;photo;5024;2017-02-25T16:00:07+0000
272;1;Timeline Photos;GREAT meeting with Manufacturing CEOs at the White House this past week. The three most powerful words in every market, in every corner of the globe -- will be back again in no time...MADE IN USA!;photo;10366;2017-02-25T14:00:21+0000
273;1;;Maybe the millions of people who voted to MAKE AMERICA GREAT AGAIN should have their own rally. It would be the biggest of them all!;status;10062;2017-02-25T13:15:22+0000
274;1;;Thank you Conservative Political Action Conference (CPAC)!;video;2232;2017-02-24T23:39:57+0000
275;1;Timeline Photos;This afternoon I signed an executive order to establish task forces that will help scrap job-killing regulations on American businesses.;photo;5142;2017-02-24T19:08:29+0000
276;1;Trump vows to fight 'epidemic' of human trafficking;TRUMP VOWS TO FIGHT 'EPIDEMIC' OF HUMAN TRAFFICKING;link;7509;2017-02-24T17:15:20+0000
277;1;S&P 500 Edges Higher After Trump Renews Jobs Pledge;S&P 500 Edges Higher After Trump Renews Jobs Pledge';link;2049;2017-02-24T17:00:35+0000